{"cameraMode":{"drawMode":0,"name":"Shaded","section":"Shading Mode"},"sceneLighting":true,"audioPlay":false,"sceneViewState":{"m_AlwaysRefresh":false,"showFog":true,"showSkybox":true,"showFlares":true,"showImageEffects":true,"showParticleSystems":true,"showVisualEffectGraphs":true,"m_FxEnabled":true},"in2DMode":false,"pivot":{"x":26.333816528320314,"y":39.36783981323242,"z":-38.744625091552737},"rotation":{"x":0.25169944763183596,"y":0.7202731370925903,"z":-0.33092695474624636,"w":0.5559957027435303},"size":3.932598829269409,"orthographic":false}