{"cameraMode":{"drawMode":0,"name":"Shaded","section":"Shading Mode"},"sceneLighting":true,"audioPlay":false,"sceneViewState":{"m_AlwaysRefresh":false,"showFog":true,"showSkybox":true,"showFlares":true,"showImageEffects":true,"showParticleSystems":true,"showVisualEffectGraphs":true,"m_FxEnabled":true},"in2DMode":false,"pivot":{"x":1.6933680772781373,"y":5.587647914886475,"z":17.301496505737306},"rotation":{"x":-0.06921903043985367,"y":0.9045027494430542,"z":-0.1606498807668686,"w":-0.38927704095840456},"size":1.2460802793502808,"orthographic":false}