{"cameraMode":{"drawMode":0,"name":"Shaded","section":"Shading Mode"},"sceneLighting":true,"audioPlay":false,"sceneViewState":{"m_AlwaysRefresh":false,"showFog":true,"showSkybox":true,"showFlares":true,"showImageEffects":true,"showParticleSystems":true,"showVisualEffectGraphs":true,"m_FxEnabled":true},"in2DMode":false,"pivot":{"x":-1.8075599670410157,"y":6.997684478759766,"z":18.99453353881836},"rotation":{"x":0.42996007204055788,"y":-0.5523883104324341,"z":0.40478694438934328,"w":0.5888268947601318},"size":11.411661148071289,"orthographic":false}