{"cameraMode":{"drawMode":0,"name":"Shaded","section":"Shading Mode"},"sceneLighting":true,"audioPlay":false,"sceneViewState":{"m_AlwaysRefresh":false,"showFog":true,"showSkybox":true,"showFlares":true,"showImageEffects":true,"showParticleSystems":true,"showVisualEffectGraphs":true,"m_FxEnabled":true},"in2DMode":false,"pivot":{"x":-8.491525650024414,"y":4.032180309295654,"z":14.93912124633789},"rotation":{"x":0.0022689816541969778,"y":0.9977974891662598,"z":0.058437712490558627,"w":-0.038482874631881717},"size":1.1962077617645264,"orthographic":false}