{"cameraMode":{"drawMode":0,"name":"Shaded","section":"Shading Mode"},"sceneLighting":true,"audioPlay":false,"sceneViewState":{"m_AlwaysRefresh":false,"showFog":true,"showSkybox":true,"showFlares":true,"showImageEffects":true,"showParticleSystems":true,"showVisualEffectGraphs":true,"m_FxEnabled":false},"in2DMode":false,"pivot":{"x":77.42523193359375,"y":37.370052337646487,"z":-25.093568801879884},"rotation":{"x":0.007083380129188299,"y":-0.8603214025497437,"z":0.036201246082782748,"w":-0.5115674734115601},"size":24.53884506225586,"orthographic":false}