{"cameraMode":{"drawMode":0,"name":"Shaded","section":"Shading Mode"},"sceneLighting":true,"audioPlay":false,"sceneViewState":{"m_AlwaysRefresh":false,"showFog":true,"showSkybox":true,"showFlares":true,"showImageEffects":true,"showParticleSystems":true,"showVisualEffectGraphs":true,"m_FxEnabled":true},"in2DMode":false,"pivot":{"x":11.66503620147705,"y":6.691969394683838,"z":18.935611724853517},"rotation":{"x":0.11167313158512116,"y":0.5328208208084106,"z":-0.06974438577890396,"w":0.8362991213798523},"size":11.411661148071289,"orthographic":false}