{"cameraMode":{"drawMode":0,"name":"Shaded","section":"Shading Mode"},"sceneLighting":true,"audioPlay":false,"sceneViewState":{"m_AlwaysRefresh":false,"showFog":true,"showSkybox":true,"showFlares":true,"showImageEffects":true,"showParticleSystems":true,"showVisualEffectGraphs":true,"m_FxEnabled":true},"in2DMode":false,"pivot":{"x":-5.338818550109863,"y":7.362896919250488,"z":8.379817008972168},"rotation":{"x":-0.050993017852306369,"y":-0.0010509405983611942,"z":-0.0008274814463220537,"w":-0.9989966154098511},"size":11.411661148071289,"orthographic":false}