{"cameraMode":{"drawMode":0,"name":"Shaded","section":"Shading Mode"},"sceneLighting":true,"audioPlay":false,"sceneViewState":{"m_AlwaysRefresh":false,"showFog":true,"showSkybox":true,"showFlares":true,"showImageEffects":true,"showParticleSystems":true,"showVisualEffectGraphs":true,"m_FxEnabled":true},"in2DMode":false,"pivot":{"x":25.70343589782715,"y":9.354145050048829,"z":14.626785278320313},"rotation":{"x":0.05492469668388367,"y":0.8540008664131165,"z":-0.08931143581867218,"w":0.5102272629737854},"size":11.411661148071289,"orthographic":false}