{"cameraMode":{"drawMode":0,"name":"Shaded","section":"Shading Mode"},"sceneLighting":true,"audioPlay":false,"sceneViewState":{"m_AlwaysRefresh":false,"showFog":true,"showSkybox":true,"showFlares":true,"showImageEffects":true,"showParticleSystems":true,"showVisualEffectGraphs":true,"m_FxEnabled":true},"in2DMode":false,"pivot":{"x":-30.070377349853517,"y":11.335195541381836,"z":29.287418365478517},"rotation":{"x":-0.050192732363939288,"y":-0.21814358234405518,"z":-0.009285260923206807,"w":0.975156843662262},"size":26.647302627563478,"orthographic":false}