{"cameraMode":{"drawMode":0,"name":"Shaded","section":"Shading Mode"},"sceneLighting":true,"audioPlay":false,"sceneViewState":{"m_AlwaysRefresh":false,"showFog":true,"showSkybox":true,"showFlares":true,"showImageEffects":true,"showParticleSystems":true,"showVisualEffectGraphs":true,"m_FxEnabled":true},"in2DMode":false,"pivot":{"x":-21.463205337524415,"y":19.43110466003418,"z":-13.242640495300293},"rotation":{"x":0.25850021839141848,"y":0.08940929174423218,"z":-0.023481659591197969,"w":0.9618513584136963},"size":10.309978485107422,"orthographic":false}