{"cameraMode":{"drawMode":0,"name":"Shaded","section":"Shading Mode"},"sceneLighting":true,"audioPlay":false,"sceneViewState":{"m_AlwaysRefresh":false,"showFog":true,"showSkybox":true,"showFlares":true,"showImageEffects":true,"showParticleSystems":true,"showVisualEffectGraphs":true,"m_FxEnabled":true},"in2DMode":false,"pivot":{"x":7.256956100463867,"y":4.764400482177734,"z":18.610721588134767},"rotation":{"x":-0.018428942188620569,"y":-0.3660302758216858,"z":0.006440170109272003,"w":-0.9309166669845581},"size":0.8660253882408142,"orthographic":false}