{"cameraMode":{"drawMode":0,"name":"Shaded","section":"Shading Mode"},"sceneLighting":true,"audioPlay":false,"sceneViewState":{"m_AlwaysRefresh":false,"showFog":true,"showSkybox":true,"showFlares":true,"showImageEffects":true,"showParticleSystems":true,"showVisualEffectGraphs":true,"m_FxEnabled":false},"in2DMode":false,"pivot":{"x":125.34540557861328,"y":47.780738830566409,"z":-55.8597526550293},"rotation":{"x":0.042660415172576907,"y":-0.8721218705177307,"z":-0.027122238650918008,"w":-0.48958730697631838},"size":55.32154083251953,"orthographic":false}