{"cameraMode":{"drawMode":0,"name":"Shaded","section":"Shading Mode"},"sceneLighting":false,"audioPlay":false,"sceneViewState":{"m_AlwaysRefresh":false,"showFog":true,"showSkybox":false,"showFlares":true,"showImageEffects":true,"showParticleSystems":true,"showVisualEffectGraphs":true,"m_FxEnabled":true},"in2DMode":false,"pivot":{"x":44.58866882324219,"y":37.66770553588867,"z":1.486847162246704},"rotation":{"x":0.000718081253580749,"y":-0.7108685374259949,"z":-0.0009614163427613676,"w":-0.7037122845649719},"size":3.860941171646118,"orthographic":false}