{"cameraMode":{"drawMode":0,"name":"Shaded","section":"Shading Mode"},"sceneLighting":true,"audioPlay":false,"sceneViewState":{"m_AlwaysRefresh":false,"showFog":true,"showSkybox":true,"showFlares":true,"showImageEffects":true,"showParticleSystems":true,"showVisualEffectGraphs":true,"m_FxEnabled":true},"in2DMode":false,"pivot":{"x":29.204021453857423,"y":11.102745056152344,"z":-109.1747055053711},"rotation":{"x":0.045067403465509418,"y":0.8361611366271973,"z":-0.06761498004198075,"w":0.5430846214294434},"size":6.745390892028809,"orthographic":false}