{"cameraMode":{"drawMode":0,"name":"Shaded","section":"Shading Mode"},"sceneLighting":false,"audioPlay":false,"sceneViewState":{"m_AlwaysRefresh":false,"showFog":true,"showSkybox":false,"showFlares":true,"showImageEffects":true,"showParticleSystems":true,"showVisualEffectGraphs":true,"m_FxEnabled":true},"in2DMode":false,"pivot":{"x":3.775587558746338,"y":1.1382877826690674,"z":4.21793794631958},"rotation":{"x":0.0309405867010355,"y":-0.8587683439254761,"z":0.05312129855155945,"w":0.5090680122375488},"size":0.000017320508050033823,"orthographic":false}