{"cameraMode":{"drawMode":0,"name":"Shaded","section":"Shading Mode"},"sceneLighting":true,"audioPlay":true,"sceneViewState":{"m_AlwaysRefresh":false,"showFog":true,"showSkybox":true,"showFlares":true,"showImageEffects":true,"showParticleSystems":true,"showVisualEffectGraphs":true,"m_FxEnabled":true},"in2DMode":false,"pivot":{"x":31.989011764526368,"y":39.45380783081055,"z":15.555514335632325},"rotation":{"x":-0.05107427015900612,"y":0.08617988228797913,"z":-0.00469122314825654,"w":-0.9950283169746399},"size":5.619238376617432,"orthographic":false}