{"cameraMode":{"drawMode":0,"name":"Shaded","section":"Shading Mode"},"sceneLighting":true,"audioPlay":false,"sceneViewState":{"m_AlwaysRefresh":false,"showFog":true,"showSkybox":true,"showFlares":true,"showImageEffects":true,"showParticleSystems":true,"showVisualEffectGraphs":true,"m_FxEnabled":true},"in2DMode":false,"pivot":{"x":-12.634401321411133,"y":6.0140862464904789,"z":7.163882255554199},"rotation":{"x":0.023709647357463838,"y":-0.7940111756324768,"z":0.03134209290146828,"w":0.6067327857017517},"size":5.619238376617432,"orthographic":false}