{"cameraMode":{"drawMode":0,"name":"Shaded","section":"Shading Mode"},"sceneLighting":false,"audioPlay":false,"sceneViewState":{"m_AlwaysRefresh":false,"showFog":true,"showSkybox":false,"showFlares":true,"showImageEffects":true,"showParticleSystems":true,"showVisualEffectGraphs":true,"m_FxEnabled":true},"in2DMode":false,"pivot":{"x":1.0904977321624756,"y":0.08564990758895874,"z":0.5300312042236328},"rotation":{"x":0.10755337029695511,"y":-0.17277835309505464,"z":0.019486332312226297,"w":0.9790868163108826},"size":2.6005606651306154,"orthographic":false}