{"cameraMode":{"drawMode":0,"name":"Shaded","section":"Shading Mode"},"sceneLighting":false,"audioPlay":false,"sceneViewState":{"m_AlwaysRefresh":false,"showFog":true,"showSkybox":false,"showFlares":true,"showImageEffects":true,"showParticleSystems":true,"showVisualEffectGraphs":true,"m_FxEnabled":true},"in2DMode":false,"pivot":{"x":4.495002746582031,"y":5.386945724487305,"z":1.6350011825561524},"rotation":{"x":0.017280444502830507,"y":-0.9626717567443848,"z":-0.0633300170302391,"w":-0.26268982887268069},"size":52.030845642089847,"orthographic":false}