{"cameraMode":{"drawMode":0,"name":"Shaded","section":"Shading Mode"},"sceneLighting":false,"audioPlay":false,"sceneViewState":{"m_AlwaysRefresh":false,"showFog":true,"showSkybox":false,"showFlares":true,"showImageEffects":true,"showParticleSystems":true,"showVisualEffectGraphs":true,"m_FxEnabled":false},"in2DMode":false,"pivot":{"x":-12.042760848999024,"y":13.018712997436524,"z":-7.809139251708984},"rotation":{"x":0.025339530780911447,"y":0.04603024199604988,"z":-0.013572094030678273,"w":0.9996751546859741},"size":0.8660253882408142,"orthographic":false}