{"cameraMode":{"drawMode":0,"name":"Shaded","section":"Shading Mode"},"sceneLighting":false,"audioPlay":false,"sceneViewState":{"m_AlwaysRefresh":false,"showFog":true,"showSkybox":false,"showFlares":true,"showImageEffects":true,"showParticleSystems":true,"showVisualEffectGraphs":true,"m_FxEnabled":true},"in2DMode":false,"pivot":{"x":12.84146499633789,"y":6.358617782592773,"z":10.573410034179688},"rotation":{"x":0.008825869299471379,"y":0.3050421178340912,"z":-0.002968245418742299,"w":0.9525392055511475},"size":52.030845642089847,"orthographic":false}